{"cameraMode":{"drawMode":0,"name":"Shaded","section":"Shading Mode"},"sceneLighting":true,"audioPlay":false,"sceneViewState":{"m_AlwaysRefresh":false,"showFog":true,"showSkybox":true,"showFlares":true,"showImageEffects":true,"showParticleSystems":true,"showVisualEffectGraphs":true,"m_FxEnabled":true},"in2DMode":false,"pivot":{"x":279.9340515136719,"y":64.08502197265625,"z":-32.860687255859378},"rotation":{"x":-0.13897933065891267,"y":-0.07274870574474335,"z":0.010238493792712689,"w":-0.9875717163085938},"size":129.4139404296875,"orthographic":false}